unit,lab,n_cohorts,20171003-FullStack-Day,20180116-FullStack-Day,class_ocelot,class_platypus,class_iguana,class_sheep,class_emu,class_honeybadger,class_raccoon,class_mountain_goat,class_armadillo,class_bumble_bee,class_eagle
python,adventure,12,L,L,L,L,L,L,L,L,L,,O,L,L
python,any_api,2,,,,,,,,,L,,O,,
python,arbitrary_precision_arithmetic,8,,O,,O,O,O,O,O,O,,O,,
python,ari,13,L,L,L,L,L,L,L,L,L,L,L,L,L
python,atm,12,L,L,L,L,L,L,L,L,L,L,O,L,
python,average_numbers,10,L,L,L,L,L,L,L,L,O,,O,,
python,bed_any_api,1,,,,,,,,,,,,M,
python,bed_bogosort,2,,,,,,,,,,M,,M,
python,bed_credit_card_validation,2,,,,,,,,,,M,,M,
python,bed_currency_exchange,1,,,,,,,,,,,,M,
python,bed_hangman,2,,,,,,,,,,M,,M,
python,bed_lcr,2,,,,,,,,,,M,,M,
python,bed_pick6,2,,,,,,,,,,M,,M,
python,blackjack,1,O,,,,,,,,,,,,
python,blackjack_advice,12,L,L,,L,L,L,L,L,L,L,L,L,L
python,bogosort,10,L,M,L,M,M,M,M,M,M,,M,,
python,cc_validation,1,,,L,,,,,,,,,,
python,compsci_algorithms,3,,,,,,,,,L,,L,O,
python,compsci_data_structures,2,,,,,,,,,,,O,O,
python,comsci_data_structures,1,,,,,,,,,L,,,,
python,comsci_extra,1,,,,,,,,,,,O,,
python,contact_list,9,L,L,,L,L,,L,L,L,,L,,L
python,count_words,13,L,L,L,L,L,L,L,L,L,L,L,L,L
python,credit_card_validation,9,L,L,,L,L,L,L,L,L,,L,,
python,crime_data,10,O,O,L,O,O,O,O,O,O,,O,,
python,currency_exchange,1,,,,,,,,,,L,,,
python,dad_joke_api,1,,,,,,,,,,,,,L
python,grading,13,L,L,L,L,L,L,L,L,L,L,L,L,L
python,guess_the_number,12,L,L,L,L,L,L,L,L,L,L,L,L,
python,hangman,8,,,M,M,M,M,M,M,M,,M,,
python,hello_world,1,L,,,,,,,,,,,,
python,image_manipulation,10,L,L,L,L,L,L,L,L,O,,O,,
python,jackalope,8,,M,,M,M,M,M,M,M,,M,,
python,lcr,9,O,O,,O,O,O,O,O,M,,M,,
python,madlib,13,L,L,L,L,L,L,L,L,L,L,L,L,L
python,magic_8_ball,12,L,L,L,L,L,L,L,L,L,L,L,L,
python,make_change,13,L,L,L,L,L,L,L,L,L,L,L,L,L
python,number_to_phrase,12,L,L,L,L,L,L,L,L,L,L,L,L,
python,palindrome_anagram,9,L,L,,L,L,L,L,L,O,,O,,
python,peaks_and_valleys,13,L,L,L,L,L,L,L,L,L,L,L,L,L
python,pick6,11,L,L,L,L,L,L,L,L,L,,L,,L
python,practice,1,L,,,,,,,,,,,,
python,practice_problems,1,L,,,,,,,,,,,,
python,quote_api,4,,,,,,,,,L,,L,L,L
python,quotes,1,,,,,,,,,,L,,,
python,rain_data,13,L,L,L,L,L,L,L,L,L,L,L,L,L
python,random_emoticon_generator,12,L,L,L,L,L,L,L,L,L,L,L,L,
python,random_password,13,L,L,L,L,L,L,L,L,L,L,L,L,L
python,road_trip,9,L,O,,O,O,O,O,O,O,,O,,
python,rock_paper_scissors,13,L,L,L,L,L,L,L,L,L,L,L,L,L
python,rot13,13,L,L,L,L,L,L,L,L,L,L,L,L,L
python,s_hangman,1,,M,,,,,,,,,,,
python,searching_and_sorting,1,,,,,,,,,,,,,L
python,simple_calculator,10,L,L,L,L,L,L,L,L,L,,L,,
python,sock_sorter,9,L,O,,O,O,O,O,O,O,,O,,
python,tree,9,O,O,,O,O,O,O,O,O,,O,,
python,trivia_api,1,,,,,,,,,,,,,L
python,turtle,13,L,L,L,L,L,L,L,L,L,L,L,L,L
python,unit_converter,13,L,L,L,L,L,L,L,L,L,L,L,L,L
flask_html_css,animations,9,,O,O,O,O,O,O,O,O,,O,,
flask_html_css,bio,12,,L,L,L,L,L,L,L,L,L,L,L,L
flask_html_css,blog,12,,L,L,L,L,L,L,L,L,L,L,L,L
flask_html_css,burrito_order_form,10,,L,L,L,L,O,O,O,O,,O,,L
flask_html_css,company_home,12,,L,L,L,L,L,L,L,L,L,L,L,L
flask_html_css,flask_apis,2,,,,,,,,,L,,O,,
flask_html_css,flask_intro,2,,,,,,,,,L,,L,,
flask_html_css,flask_redo,1,,,,,,,,,,,,,L
flask_html_css,flask_todo,2,,,,,,,,,L,,L,,
flask_html_css,personal_portfolio,12,,L,L,L,L,L,L,L,L,L,L,L,L
flask_html_css,rps,1,,,,,,,,,,,M,,
javascript,,1,,,,,,,,,,,L,,
javascript,any_api,11,O,L,L,L,L,O,O,O,O,,O,,L
javascript,any_api_vue,2,,,,,,,,,L,,O,,
javascript,bouncing_ball,10,L,L,L,L,L,O,O,O,O,,O,,
javascript,calculator,11,O,M,M,M,M,M,M,M,M,,O,L,
javascript,cat_api,2,,,,,,,,,,L,,L,
javascript,clock,10,L,L,L,L,L,L,L,L,L,,O,,
javascript,form_validation,10,L,O,O,O,O,O,O,O,O,,O,,
javascript,guess_the_number,1,,,,,,,,,,,M,,
javascript,hackertyper,9,,L,L,L,L,O,O,O,O,,O,,
javascript,javascript_redo,1,,,,,,,,,,,,,L
javascript,mini,1,,,,,,,,,,,L,,
javascript,pick3,2,,,,,,,,,,L,,L,
javascript,pick_3,10,L,L,L,L,L,L,L,L,L,,L,,
javascript,pokedex,1,,,,,,,,,,,,,L
javascript,pong,1,O,,,,,,,,,,,,
javascript,quiz,5,,,,,,O,O,O,L,L,,,
javascript,quote_api,10,L,L,L,L,L,L,L,L,L,,L,,
javascript,random_redirector,10,L,L,L,L,L,L,L,L,L,,L,,
javascript,redo_3,1,L,,,,,,,,,,,,
javascript,timing,1,,,,,,,,,,,L,,
javascript,todo,10,L,L,L,L,L,L,L,L,L,,L,,
javascript,todolist,2,,,,,,,,,,L,,L,
javascript,user_api,1,L,,,,,,,,,,,,
javascript,vanilla_quiz,2,,,,,,,,,L,,L,,
javascript,vue_cats,1,,,,,,,,,,,L,,
javascript,vue_quiz,1,,,,,,,,,,,L,,
javascript,vue_redo,4,,,,,,,,,,L,L,L,L
javascript,vue_todo,1,,,,,,,,,,,,,L
javascript,vue_todos,5,,,,,,O,O,O,O,,O,,
javascript,weather,1,O,,,,,,,,,,,,
javascript,weather_api,4,,,,,,,,,,L,L,L,L
django,blog,4,L,,,,,,,,,L,,M,L
django,contact_list,4,,,,,,,L,L,L,,L,,
django,django_redo,1,,,,,,,,,,,,,L
django,library,11,L,L,L,L,L,L,L,L,L,L,O,,
django,madlib,2,O,,,,,,,,,,,L,
django,pokedex,3,,,,,,,,,,L,L,L,
django,polls,12,L,L,L,L,L,L,L,L,L,L,L,L,
django,todo,13,L,L,L,L,L,L,L,L,L,L,L,L,L
django,todo2,1,,,L,,,,,,,,,,
django,url_shortener,12,L,L,L,L,L,L,L,L,L,L,O,L,
